[
{"timestamp": "2025-02-27T12:00:00Z", "temperature": 22.5, "humidity": 55},
{"timestamp": "2025-02-27T12:01:00Z", "temperature": 22.7, "humidity": 56},
{"timestamp": "2025-02-27T12:02:00Z", "temperature": 22.6, "humidity": 57},
{"timestamp": "2025-02-27T12:03:00Z", "temperature": 22.8, "humidity": 54},
{"timestamp": "2025-02-27T12:04:00Z", "temperature": 23.0, "humidity": 58},
{"timestamp": "2025-02-27T12:05:00Z", "temperature": 23.1, "humidity": 59},
{"timestamp": "2025-02-27T12:06:00Z", "temperature": 22.9, "humidity": 60},
{"timestamp": "2025-02-27T12:07:00Z", "temperature": 23.2, "humidity": 61},
{"timestamp": "2025-02-27T12:08:00Z", "temperature": 23.3, "humidity": 62},
{"timestamp": "2025-02-27T12:09:00Z", "temperature": 23.4, "humidity": 63}
]